City_ID,City,Country,Lat,Lng,Max Temp,Humidity,Cloudiness,Wind Speed,Current Description
0,Arraial Do Cabo,BR,-22.9661,-42.0278,69.31,84,100,12.86,overcast clouds
1,Ostrovnoy,RU,68.0531,39.5131,46.18,86,80,16.17,broken clouds
2,Rikitea,PF,-23.1203,-134.9692,69.35,63,69,20.85,broken clouds
3,Chuy,UY,-33.6971,-53.4616,58.86,84,100,12.19,overcast clouds
4,Souillac,MU,-20.5167,57.5167,71.98,73,75,10.36,broken clouds
5,Nikolskoye,RU,59.7035,30.7861,49.91,98,100,7.56,overcast clouds
6,Vardo,NO,70.3705,31.1107,42.78,81,100,17.27,overcast clouds
7,Clyde River,CA,70.4692,-68.5914,25.03,80,100,19.57,light snow
8,Isangel,VU,-19.55,169.2667,80.71,78,75,11.5,broken clouds
9,Ushuaia,AR,-54.8,-68.3,40.66,87,100,28.77,light intensity drizzle
10,Faanui,PF,-16.4833,-151.75,78.19,75,0,24.49,clear sky
11,Tuy Hoa,VN,13.0833,109.3,78.15,90,100,3.8,overcast clouds
12,Saint George,US,37.1041,-113.5841,86.59,22,0,1.99,clear sky
13,Albany,US,42.6001,-73.9662,53.73,91,78,4.43,broken clouds
14,Port Alfred,ZA,-33.5906,26.891,58.17,93,90,1.99,overcast clouds
15,Atuona,PF,-9.8,-139.0333,77.45,72,0,17.22,clear sky
16,Punta Arenas,CL,-53.15,-70.9167,44.71,76,0,12.66,clear sky
17,Kapaa,US,22.0752,-159.319,84.18,72,75,11.5,light rain
18,Sambava,MG,-14.2667,50.1667,68.07,87,2,10.2,clear sky
19,Hithadhoo,MV,-0.6,73.0833,82.27,74,43,20.78,scattered clouds
20,Mwingi,KE,-0.9344,38.0601,66.83,74,91,7.4,overcast clouds
21,Aswan,EG,24.0934,32.907,86.2,26,49,12.86,scattered clouds
22,Ancud,CL,-41.8697,-73.8203,49.57,94,100,17.36,moderate rain
23,Port Hardy,CA,50.6996,-127.4199,64.58,72,20,12.66,few clouds
24,Qaanaaq,GL,77.484,-69.3632,5.41,70,16,7.31,few clouds
25,Rio Gallegos,AR,-51.6226,-69.2181,50.05,43,0,10.36,clear sky
26,Hilo,US,19.7297,-155.09,82.27,84,75,9.22,broken clouds
27,Belaya Gora,RU,68.5333,146.4167,21.87,84,100,14.09,light snow
28,Orel-Izumrud,RU,43.4583,39.9244,59.02,93,75,7.0,broken clouds
29,Mataura,NZ,-46.1927,168.8643,45.48,92,95,10.67,light rain
30,Vaini,TO,-21.2,-175.2,76.28,82,100,7.92,moderate rain
31,Umm Lajj,SA,25.0213,37.2685,85.03,50,0,9.57,clear sky
32,Carnarvon,AU,-24.8667,113.6333,68.07,34,0,25.32,clear sky
33,Jaciara,BR,-15.9653,-54.9683,76.46,73,89,3.98,overcast clouds
34,Bluff,NZ,-46.6,168.3333,45.81,64,98,21.83,overcast clouds
35,Hasaki,JP,35.7333,140.8333,59.29,78,100,23.29,light rain
36,Saint-Philippe,RE,-21.3585,55.7679,63.99,77,38,11.21,scattered clouds
37,Constitucion,CL,-35.3333,-72.4167,49.91,89,98,6.53,overcast clouds
38,Lebu,CL,-37.6167,-73.65,51.71,87,100,9.06,moderate rain
39,Castro,BR,-24.7911,-50.0119,60.64,94,100,6.69,overcast clouds
40,Hofn,IS,64.2539,-15.2082,42.51,57,8,10.78,clear sky
41,Wanaka,NZ,-44.7,169.15,44.11,46,98,8.01,overcast clouds
42,Leningradskiy,RU,69.3833,178.4167,31.39,86,100,8.61,overcast clouds
43,Karatau,KZ,43.1667,70.4667,41.25,42,0,2.33,clear sky
44,Sovetskaya,RU,44.7769,41.1722,53.92,92,100,2.55,overcast clouds
45,Beloha,MG,-25.1667,45.05,66.88,84,0,5.88,clear sky
46,Taltal,CL,-25.4,-70.4833,60.42,60,0,7.85,clear sky
47,Nosy Varika,MG,-20.5833,48.5333,65.14,93,33,6.06,scattered clouds
48,Sorong,ID,-0.8833,131.25,83.52,71,38,1.39,scattered clouds
49,Yellowknife,CA,62.456,-114.3525,37.92,75,40,15.01,scattered clouds
50,Ilulissat,GL,69.2167,-51.1,26.62,54,20,5.75,few clouds
51,Victoria,HK,22.2855,114.1577,87.24,73,51,11.99,broken clouds
52,Pangnirtung,CA,66.1451,-65.7125,30.52,91,100,3.31,overcast clouds
53,Wajima,JP,37.4,136.9,59.68,77,75,4.61,light rain
54,Butaritari,KI,3.0707,172.7902,82.08,72,10,12.71,clear sky
55,Barrow,US,71.2906,-156.7887,35.62,80,100,12.66,overcast clouds
56,Saldanha,ZA,-33.0117,17.9442,48.25,77,100,4.34,overcast clouds
57,Saint-Michel-Des-Saints,CA,46.6834,-73.9159,53.94,94,21,3.6,few clouds
58,New Norfolk,AU,-42.7826,147.0587,56.91,57,99,12.12,overcast clouds
59,Provideniya,RU,64.3833,-173.3,41.36,100,100,38.03,light intensity shower rain
60,Pingliang,CN,35.5392,106.6861,51.66,70,100,4.72,light rain
61,Dikson,RU,73.5069,80.5464,31.6,86,100,13.04,overcast clouds
62,Shache,CN,38.4167,77.2406,61.07,34,100,7.74,overcast clouds
63,Fairbanks,US,64.8378,-147.7164,48.6,69,0,3.44,clear sky
64,Muros,ES,42.7762,-9.0603,65.08,82,62,14.18,broken clouds
65,Kutum,SD,14.2,24.6667,76.15,33,17,4.54,few clouds
66,Biak,ID,-0.9131,122.8766,84.33,64,99,1.74,overcast clouds
67,Tual,ID,-5.6667,132.75,83.03,74,100,8.34,overcast clouds
68,Rovnoye,RU,50.7765,46.0509,52.7,72,79,9.15,broken clouds
69,Serenje,ZM,-13.2325,30.2352,61.56,37,3,5.01,clear sky
70,Lagoa,PT,39.05,-27.9833,69.13,84,100,15.39,light rain
71,Vila Velha,BR,-20.3297,-40.2925,75.15,88,40,5.75,scattered clouds
72,Puerto Ayora,EC,-0.7393,-90.3518,67.55,93,80,5.99,broken clouds
73,Hobart,AU,-42.8794,147.3294,58.26,68,75,17.27,broken clouds
74,Nanuque,BR,-17.8392,-40.3539,74.23,78,82,8.34,broken clouds
75,Tuktoyaktuk,CA,69.4541,-133.0374,33.8,93,100,14.97,overcast clouds
76,Puerto Penasco,MX,31.3167,-113.5333,83.91,75,2,3.0,clear sky
77,Sur,OM,22.5667,59.5289,81.55,56,0,3.74,clear sky
78,Avera,US,33.194,-82.5271,60.31,38,27,2.04,scattered clouds
79,Vrangel,RU,42.7297,133.0839,49.03,30,34,7.25,scattered clouds
80,Honningsvag,NO,70.9821,25.9704,42.55,81,75,16.11,broken clouds
81,Torbay,CA,47.6666,-52.7314,52.27,85,20,19.57,few clouds
82,Talnakh,RU,69.4865,88.3972,31.21,97,100,4.34,overcast clouds
83,Haukipudas,FI,65.1765,25.3523,50.14,87,100,20.87,light rain
84,Nouakchott,MR,18.0858,-15.9785,91.33,45,36,5.14,scattered clouds
85,Kavaratti,IN,10.5669,72.642,80.87,78,98,13.65,overcast clouds
86,Longyearbyen,SJ,78.2186,15.6401,39.04,75,40,5.75,scattered clouds
87,Tiksi,RU,71.6872,128.8694,23.86,83,100,14.36,overcast clouds
88,Avarua,CK,-21.2078,-159.775,80.65,65,20,19.57,few clouds
89,Coquimbo,CL,-29.9533,-71.3436,55.13,94,0,2.3,clear sky
90,Tasiilaq,GL,65.6145,-37.6368,30.36,50,86,6.22,overcast clouds
91,Chapais,CA,49.7834,-74.8492,58.78,97,99,6.93,overcast clouds
92,Bredasdorp,ZA,-34.5322,20.0403,48.69,91,1,7.29,clear sky
93,Thompson,CA,55.7435,-97.8558,28.56,86,75,13.8,broken clouds
94,Mar Del Plata,AR,-38.0023,-57.5575,60.1,90,0,5.75,clear sky
95,Vila Franca Do Campo,PT,37.7167,-25.4333,70.2,86,99,10.89,overcast clouds
96,Dosso,NE,13.049,3.1937,81.25,69,28,7.02,scattered clouds
97,Puerto Escondido,MX,15.85,-97.0667,83.23,57,75,5.75,broken clouds
98,Cockburn Town,TC,21.4612,-71.1419,83.39,75,99,12.35,overcast clouds
99,Severo-Kurilsk,RU,50.6789,156.125,46.78,51,33,11.52,scattered clouds
100,Chokurdakh,RU,70.6333,147.9167,20.7,90,94,8.12,overcast clouds
101,Abha,SA,18.2164,42.5053,67.82,24,40,6.91,scattered clouds
102,Henties Bay,NA,-22.116,14.2845,54.64,91,65,10.94,broken clouds
103,Ribeira Grande,PT,38.5167,-28.7,70.65,84,98,5.59,overcast clouds
104,Auki,SB,-8.7676,160.7034,86.22,57,88,3.62,overcast clouds
105,Bengkulu,ID,-3.8004,102.2655,78.53,82,100,2.82,overcast clouds
106,Prado,BR,-17.3411,-39.2208,74.32,87,37,7.85,scattered clouds
107,Dalian,CN,38.9122,121.6022,55.33,35,0,4.47,clear sky
108,Zwedru,LR,6.0667,-8.1281,70.93,100,91,2.39,overcast clouds
109,Demyansk,RU,57.643,32.466,48.24,98,100,5.84,overcast clouds
110,Gravdal,NO,68.1214,13.5031,47.25,83,100,25.14,light rain
111,Miramar,US,25.9873,-80.2323,80.62,72,0,9.22,clear sky
112,San Roque,ES,36.2107,-5.3842,67.03,88,75,13.8,broken clouds
113,Jamestown,US,42.097,-79.2353,51.71,68,28,1.01,scattered clouds
114,Ashington,GB,50.9331,-0.3909,53.62,82,0,3.0,clear sky
115,East London,ZA,-33.0153,27.9116,63.61,83,100,10.89,overcast clouds
116,Guane,CU,22.2025,-84.0875,75.11,74,81,2.93,broken clouds
117,Busselton,AU,-33.65,115.3333,57.56,58,95,13.96,overcast clouds
118,Yulara,AU,-25.2406,130.9889,81.63,18,0,7.7,clear sky
119,Zaykovo,RU,57.5613,62.7568,46.99,55,100,4.99,overcast clouds
120,Mwinilunga,ZM,-11.7358,24.4293,62.51,32,56,1.16,broken clouds
121,Port Elizabeth,ZA,-33.918,25.5701,59.31,88,40,9.22,scattered clouds
122,Nalut,LY,30.3333,10.85,67.78,44,0,14.85,clear sky
123,Cidreira,BR,-30.1811,-50.2056,63.41,84,100,21.72,overcast clouds
124,Marsh Harbour,BS,26.5412,-77.0636,79.92,67,99,12.68,overcast clouds
125,Roncesvalles,CO,4.0108,-75.6049,53.64,96,100,2.68,overcast clouds
126,Bilma,NE,18.6853,12.9164,87.01,22,62,13.8,broken clouds
127,Kuytun,RU,54.3419,101.5036,33.62,89,100,7.2,overcast clouds
128,Bethel,US,41.3712,-73.414,60.03,89,100,1.01,overcast clouds
129,Kodiak,US,57.79,-152.4072,53.11,94,100,12.66,mist
130,Miri,MY,4.4148,114.0089,80.74,89,40,2.3,scattered clouds
131,Nouadhibou,MR,20.931,-17.0347,82.38,47,66,19.57,broken clouds
132,Karachi,PK,24.9056,67.0822,78.62,89,40,5.75,mist
133,Bathsheba,BB,13.2167,-59.5167,81.21,83,75,16.11,broken clouds
134,Salalah,OM,17.0151,54.0924,77.09,83,0,3.44,clear sky
135,Limbang,MY,4.75,115.0,82.51,67,48,1.79,scattered clouds
136,Igarka,RU,67.4667,86.5833,30.65,91,100,5.86,overcast clouds
137,Puerto Madryn,AR,-42.7692,-65.0385,65.97,28,95,20.54,overcast clouds
138,Payo,ID,-3.7508,103.6372,79.23,81,100,0.43,overcast clouds
139,Kaitangata,NZ,-46.2817,169.8464,42.6,82,93,17.85,overcast clouds
140,Shenjiamen,CN,29.9576,122.298,67.28,77,100,13.47,overcast clouds
141,Bogorodskoye,RU,56.55,37.8833,41.38,96,94,5.32,overcast clouds
142,Rawson,AR,-43.3002,-65.1023,65.39,29,92,20.78,overcast clouds
143,Komsomolskiy,UZ,40.4272,71.7189,50.72,43,0,9.22,clear sky
144,Banda Aceh,ID,5.5577,95.3222,79.66,79,100,10.71,light rain
145,Aklavik,CA,68.2191,-135.0107,35.04,93,100,15.21,overcast clouds
146,Lasa,IT,46.6166,10.7002,54.48,77,12,4.21,few clouds
147,Akyab,MM,20.15,92.9,81.48,80,9,4.36,clear sky
148,Sorland,NO,67.667,12.6934,46.26,84,100,34.38,overcast clouds
149,Celestun,MX,20.8667,-90.4,77.59,64,4,12.44,clear sky
150,Liuhe,CN,42.2401,125.7172,48.4,37,100,2.82,overcast clouds
151,Mnogovershinnyy,RU,53.9353,139.9242,32.29,62,100,15.1,overcast clouds
152,Tessalit,ML,20.1986,1.0114,88.27,15,25,9.93,scattered clouds
153,La Ronge,CA,55.1001,-105.2842,35.85,51,20,6.91,few clouds
154,Ixtapa,MX,20.7,-105.2,83.43,70,75,0.0,broken clouds
155,Carauari,BR,-4.8828,-66.8958,80.82,66,15,3.02,few clouds
156,Pevek,RU,69.7008,170.3133,32.07,94,100,9.01,light snow
157,Sorso,IT,40.8,8.5772,57.69,71,6,3.51,clear sky
158,Lazaro Cardenas,MX,17.9583,-102.2,79.39,84,15,4.03,few clouds
159,Horadiz,AZ,39.4488,47.3353,68.77,90,22,4.97,few clouds
160,Bonfim,BR,3.0833,-59.95,79.41,74,75,4.32,broken clouds
161,Svetlyy,RU,54.675,20.1347,51.85,80,3,16.78,clear sky
162,Swellendam,ZA,-34.0226,20.4417,48.79,92,5,2.46,clear sky
163,Yermakovskoye,RU,53.2831,92.4003,36.91,98,100,1.74,overcast clouds
164,Hermanus,ZA,-34.4187,19.2345,45.81,82,3,12.57,clear sky
165,Santa Maria,BR,-29.6842,-53.8069,67.3,60,75,6.91,light rain
166,Ouadda,CF,8.0777,22.4007,66.52,92,100,1.45,overcast clouds
167,Anadyr,RU,64.75,177.4833,45.1,93,75,20.13,moderate rain
168,Mason City,US,43.1536,-93.201,59.32,88,40,4.61,scattered clouds
169,Caravelas,BR,-17.7125,-39.2481,73.87,88,55,5.23,broken clouds
170,Longonjo,AO,-12.9067,15.2533,62.71,78,74,2.75,broken clouds
171,Tuatapere,NZ,-46.1333,167.6833,45.55,74,93,15.57,overcast clouds
172,Oyem,GA,1.5995,11.5793,66.33,99,100,1.86,overcast clouds
173,Mumford,GH,5.2618,-0.759,75.16,93,66,8.99,broken clouds
174,Labuhan,ID,-6.8844,112.2051,83.88,68,75,8.34,broken clouds
175,San Pedro,PH,14.35,121.0167,88.32,67,20,5.75,few clouds
176,Kruisfontein,ZA,-34.0033,24.7314,52.88,91,3,5.68,clear sky
177,Callaguip,PH,18.0714,120.4867,87.82,70,20,2.3,few clouds
178,Abong Mbang,CM,3.9833,13.1833,65.77,99,99,2.51,overcast clouds
179,Miandrivazo,MG,-19.5167,45.4667,73.81,81,0,1.81,clear sky
180,Kavieng,PG,-2.5744,150.7967,84.54,71,62,13.29,light rain
181,Broni,IT,45.0655,9.2623,62.78,83,19,3.98,few clouds
182,Hobyo,SO,5.3505,48.5268,76.73,87,64,16.04,broken clouds
183,Cape Town,ZA,-33.9258,18.4232,61.38,76,20,6.91,few clouds
184,Wilmington,US,34.2257,-77.9447,60.91,77,0,0.0,clear sky
185,Geraldton,AU,-28.7667,114.6,63.01,48,100,12.66,overcast clouds
186,Pisco,PE,-13.7,-76.2167,60.85,77,0,4.61,clear sky
187,Muli,MV,2.9167,73.5667,81.28,78,99,19.26,overcast clouds
188,Nyurba,RU,63.2842,118.3319,29.41,86,100,10.16,overcast clouds
189,Mahebourg,MU,-20.4081,57.7,71.89,73,75,10.36,broken clouds
190,Arak,IR,34.0917,49.6892,59.0,20,0,0.69,clear sky
191,Lebanon,US,36.2081,-86.2911,67.44,61,0,0.0,clear sky
192,Shelburne,CA,44.0787,-80.2041,60.76,72,79,6.2,broken clouds
193,Cherskiy,RU,68.75,161.3,29.43,96,100,9.33,light snow
194,Umarkot,PK,25.3616,69.7362,80.76,62,0,7.49,clear sky
195,Hollywood,US,34.0983,-118.3267,87.39,72,0,10.36,clear sky
196,Fortuna,US,40.5982,-124.1573,59.94,84,33,1.01,scattered clouds
197,Atasu,KZ,48.6814,71.6433,45.18,41,38,6.2,scattered clouds
198,Portland,US,45.5234,-122.6762,72.95,75,20,4.61,few clouds
199,Ponta Do Sol,PT,32.6667,-17.1,69.71,82,23,6.35,few clouds
200,Antofagasta,CL,-23.65,-70.4,58.28,60,0,9.15,clear sky
201,Half Moon Bay,US,37.4636,-122.4286,80.02,77,100,17.27,fog
202,Airai,TL,-8.9266,125.4092,73.71,52,100,3.27,overcast clouds
203,Great Yarmouth,GB,52.6083,1.7305,50.41,71,0,20.31,clear sky
204,Kurilsk,RU,45.2333,147.8833,46.42,75,100,15.61,overcast clouds
205,Esperance,AU,-33.8667,121.9,57.96,57,24,21.41,few clouds
206,Tendo,JP,38.3536,140.3697,53.53,82,75,2.3,broken clouds
207,Lhokseumawe,ID,5.1801,97.1507,77.16,90,100,4.0,overcast clouds
208,Hualmay,PE,-11.0964,-77.6139,61.23,79,15,9.04,few clouds
209,Ayan,RU,56.45,138.1667,35.71,45,100,18.7,overcast clouds
210,Greenock,GB,55.9484,-4.7612,52.48,90,54,11.99,broken clouds
211,Hamilton,US,39.1834,-84.5333,62.78,65,0,5.75,clear sky
212,Salym,RU,60.0625,71.4789,39.13,97,98,5.53,overcast clouds
213,Vao,NC,-22.6667,167.4833,70.99,60,97,12.1,overcast clouds
214,Villazon,BO,-22.0866,-65.5942,43.68,6,15,12.77,few clouds
215,Codrington,AU,-38.2667,141.9667,62.38,83,100,11.9,overcast clouds
216,Sakakah,SA,29.9697,40.2064,80.17,19,2,4.27,clear sky
217,Upernavik,GL,72.7868,-56.1549,19.4,85,100,4.36,overcast clouds
218,Klaksvik,FO,62.2266,-6.589,49.12,81,85,28.16,overcast clouds
219,Khasan,RU,42.4308,130.6434,48.96,40,73,7.34,broken clouds
220,Dukat,RU,62.55,155.55,12.85,85,100,14.36,overcast clouds
221,Yenagoa,NG,4.9247,6.2642,74.5,95,93,3.94,overcast clouds
222,Shingu,JP,33.7333,135.9833,66.31,72,100,4.38,overcast clouds
223,Mount Gambier,AU,-37.8333,140.7667,60.71,94,100,17.27,overcast clouds
224,Nome,US,64.5011,-165.4064,42.87,75,40,13.8,scattered clouds
225,Saskylakh,RU,71.9167,114.0833,11.91,96,93,5.88,overcast clouds
226,Buta,CD,2.7858,24.73,68.99,99,100,1.83,light rain
227,Rehlingen-Siersburg,DE,49.3667,6.6833,61.07,87,66,9.1,broken clouds
228,Mandalgovi,MN,45.7625,106.2708,39.25,21,2,10.2,clear sky
229,Lata,PT,40.1629,-8.3327,63.81,80,67,2.39,broken clouds
230,Comodoro Rivadavia,AR,-45.8667,-67.5,49.86,62,0,4.61,clear sky
231,Campo Verde,BR,-20.4167,-54.0667,72.3,81,51,9.37,broken clouds
232,Gunjur,GM,13.2019,-16.7339,78.87,100,20,5.75,few clouds
233,Sitka,US,57.0531,-135.33,57.09,100,100,9.22,light rain
234,Santa Cruz,BO,-17.8,-63.1667,80.06,74,75,13.8,broken clouds
235,Pacific Grove,US,36.6177,-121.9166,65.8,92,75,6.91,broken clouds
236,Raga,SS,8.4596,25.678,69.01,93,100,1.68,light rain
237,Conceicao Do Araguaia,BR,-8.2578,-49.2647,82.2,34,59,3.09,broken clouds
238,Mehamn,NO,71.0357,27.8492,42.75,75,100,14.97,overcast clouds
239,Lompoc,US,34.6391,-120.4579,78.94,91,100,8.05,mist
240,Salta,AR,-24.7859,-65.4117,82.99,2,0,19.57,clear sky
241,Mashhad,IR,36.297,59.6062,48.34,49,0,0.0,clear sky
242,Chara,RU,56.9064,118.2631,25.5,61,96,3.94,overcast clouds
243,Nanortalik,GL,60.1432,-45.2371,37.92,88,36,14.72,scattered clouds
244,Jurm,AF,36.8648,70.8342,49.89,50,3,0.36,clear sky
245,Bambous Virieux,MU,-20.3428,57.7575,71.85,73,75,10.36,broken clouds
246,Teguldet,RU,57.3064,88.1667,34.07,94,100,6.31,overcast clouds
247,La Palma,US,33.8464,-118.0467,83.82,78,20,10.36,few clouds
248,Sept-Iles,CA,50.2001,-66.3821,50.52,93,75,2.3,broken clouds
249,Thinadhoo,MV,0.5333,72.9333,82.38,75,54,20.85,broken clouds
250,Sakaraha,MG,-22.9,44.5333,67.59,50,0,1.97,clear sky
251,Georgetown,MY,5.4112,100.3354,81.9,87,20,4.61,light rain
252,Goderich,CA,43.7501,-81.7165,59.92,87,100,2.3,overcast clouds
253,Russell,US,32.3502,-85.1999,65.43,77,0,0.0,clear sky
254,Jalingo,NG,8.8833,11.3667,73.8,91,95,1.86,moderate rain
255,Quatre Cocos,MU,-20.2078,57.7625,71.71,80,30,15.12,scattered clouds
256,Erzin,TR,36.9559,36.2,69.1,85,11,2.24,few clouds
257,Prince Rupert,CA,54.3161,-130.3201,60.89,84,75,10.36,broken clouds
258,Guaymitas,HN,15.4979,-87.7147,78.53,95,100,1.34,overcast clouds
259,Balakhta,RU,55.38,91.6,33.48,93,100,10.51,overcast clouds
260,Khatanga,RU,71.9667,102.5,5.25,99,99,3.74,overcast clouds
261,Armenia,AM,40.0,45.0,57.52,27,57,6.55,broken clouds
262,Bilibino,RU,68.0546,166.4372,25.14,93,100,2.77,light snow
263,Imbituba,BR,-28.24,-48.6703,63.09,91,100,10.74,overcast clouds
264,Flinders,AU,-34.5833,150.8552,61.38,92,100,5.99,light rain
265,Vodnyy,RU,63.5046,53.4095,42.21,96,100,5.1,light rain
266,San Quintin,MX,30.4833,-115.95,69.24,81,73,7.02,broken clouds
267,Kudahuvadhoo,MV,2.6708,72.8944,81.25,78,90,19.3,overcast clouds
268,Evensk,RU,61.95,159.2333,29.75,76,92,9.69,overcast clouds
269,Laerdalsoyri,NO,61.098,7.4816,47.93,89,63,7.2,broken clouds
270,Sabha,LY,27.0377,14.4283,69.13,43,0,10.78,clear sky
271,Coahuayana,MX,18.7333,-103.6833,77.41,89,63,0.67,broken clouds
272,Manhattan,US,40.7834,-73.9662,60.62,89,40,11.5,scattered clouds
273,Mogadishu,SO,2.0371,45.3438,76.87,88,16,12.62,few clouds
274,Linshui,CN,36.4247,114.2047,53.15,59,100,5.32,overcast clouds
275,Zhicheng,CN,30.2956,111.5047,49.41,88,100,5.08,overcast clouds
276,Socorro,US,31.6546,-106.3033,74.3,48,75,16.11,broken clouds
277,Tilichiki,RU,60.4667,166.1,37.81,72,62,28.14,light rain
278,Khani,GE,41.9563,42.9566,54.97,99,100,2.51,overcast clouds
279,Karasjok,NO,69.4719,25.5112,39.67,97,100,16.42,overcast clouds
280,Sfantu Gheorghe,RO,45.8667,25.7833,40.93,88,100,0.65,overcast clouds
281,Leh,IN,34.1667,77.5833,43.65,52,0,4.09,clear sky
282,Phetchabun,TH,16.25,101.0833,75.47,83,72,2.84,broken clouds
283,Abu Samrah,SY,35.3029,37.1841,66.33,59,0,2.62,clear sky
284,Tabou,CI,4.423,-7.3528,75.09,92,100,4.09,light rain
285,Northam,GB,51.0333,-4.2167,55.62,72,0,15.84,clear sky
286,Norman Wells,CA,65.282,-126.8329,48.24,66,75,8.05,broken clouds
287,Pasni,PK,25.2631,63.471,77.65,80,0,3.53,clear sky
288,Butte,US,39.6499,-121.5677,86.02,33,0,0.0,clear sky
289,Wadi Maliz,TN,36.4681,8.5495,65.86,72,0,1.95,clear sky
290,Andenes,NO,69.3143,16.1194,46.38,18,75,14.97,light rain
291,Cap Malheureux,MU,-19.9842,57.6142,68.47,76,11,3.0,few clouds
292,Mpika,ZM,-11.8343,31.4529,59.47,53,29,6.58,scattered clouds
293,Margate,GB,51.3813,1.3862,52.3,79,0,4.0,clear sky
294,Lincoln,US,40.8,-96.667,66.27,66,0,5.75,clear sky
295,Ballina,AU,-28.8667,153.5667,68.04,91,100,2.71,overcast clouds
296,Westport,US,41.1415,-73.3579,61.56,88,100,20.71,overcast clouds
297,Angoche,MZ,-16.2325,39.9086,71.06,84,0,5.3,clear sky
298,Bambanglipuro,ID,-7.95,110.2833,78.49,80,100,10.63,overcast clouds
299,Talakan,RU,50.3167,130.3667,40.89,37,34,10.29,scattered clouds
300,Plettenberg Bay,ZA,-34.0527,23.3716,53.44,86,3,6.06,clear sky
301,Truth Or Consequences,US,33.1284,-107.2528,62.91,78,100,8.05,overcast clouds
302,Berlevag,NO,70.8578,29.0864,42.8,81,100,11.5,overcast clouds
303,Yaan,NG,7.3833,8.5667,71.8,97,100,4.41,moderate rain
304,San Ramon De La Nueva Oran,AR,-23.1322,-64.326,79.43,53,22,6.58,few clouds
305,Atar,MR,20.5169,-13.0499,90.19,16,33,13.85,scattered clouds
306,Zalantun,CN,48.0,122.7167,43.14,32,0,13.09,clear sky
307,Makat,KZ,47.6469,53.3463,55.6,29,66,16.13,broken clouds
308,Dalianwan,CN,39.0286,121.695,55.44,35,0,4.47,clear sky
309,Vilyuysk,RU,63.7553,121.6247,28.4,83,100,10.25,overcast clouds
310,Saint-Georges,GD,12.0564,-61.7485,82.08,83,40,20.71,scattered clouds
311,Port Lincoln,AU,-34.7333,135.8667,67.59,57,0,7.36,clear sky
312,Pokosnoye,RU,55.5258,101.0536,32.41,79,99,9.08,overcast clouds
313,Hambantota,LK,6.1241,81.1185,79.14,94,20,6.91,few clouds
314,Phan Thiet,VN,10.9333,108.1,84.22,70,95,5.44,overcast clouds
315,Lipari,IT,38.4674,14.954,63.32,52,77,0.56,broken clouds
316,Sao Joao Da Barra,BR,-21.6403,-41.0511,70.95,88,98,8.88,overcast clouds
317,Faya,SA,18.3851,42.4509,68.11,32,2,6.29,clear sky
318,Jumla,NP,29.2747,82.1838,56.68,94,100,2.93,overcast clouds
319,Narsaq,GL,60.9167,-46.05,37.62,91,21,5.5,few clouds
320,Rodeo,US,38.033,-122.2669,82.65,61,0,8.05,clear sky
321,Gombong,ID,-7.6072,109.5142,79.81,78,95,8.61,overcast clouds
322,San Policarpo,PH,12.1791,125.5072,83.55,79,98,6.71,heavy intensity rain
323,Whyalla,AU,-33.0333,137.5833,74.97,39,1,13.85,clear sky
324,West Wendover,US,40.7391,-114.0733,72.61,25,0,3.44,clear sky
325,Bonthe,SL,7.5264,-12.505,76.87,88,100,1.72,overcast clouds
326,Saint Anthony,US,45.0205,-93.218,66.09,79,0,4.61,clear sky
327,Saint-Pierre,RE,-21.3393,55.4781,64.08,68,0,4.61,clear sky
328,Pimampiro,EC,0.4,-77.9667,60.01,90,98,1.05,light rain
329,Edd,ER,13.9297,41.6925,87.13,68,79,0.92,broken clouds
330,Grindavik,IS,63.8424,-22.4338,43.27,87,75,9.22,broken clouds
331,Lyndon,US,38.2567,-85.6016,62.1,58,0,0.0,clear sky
332,Lahad Datu,MY,5.0268,118.327,85.12,68,91,1.39,overcast clouds
333,Baykit,RU,61.67,96.37,32.86,88,88,3.89,overcast clouds
334,Adrar,MR,20.5022,-10.0711,88.41,14,1,15.75,clear sky
335,Aguimes,ES,27.9054,-15.4461,70.66,78,20,20.71,few clouds
336,Bereda,ES,43.2686,-7.5406,60.42,100,100,7.43,overcast clouds
337,Los Llanos De Aridane,ES,28.6585,-17.9182,73.13,66,0,12.66,clear sky
338,Xichang,CN,27.8964,102.2634,67.78,90,98,3.83,overcast clouds
339,Lavrentiya,RU,65.5833,-171.0,38.77,93,100,34.11,light rain
340,Port Blair,IN,11.6667,92.75,77.04,94,75,1.14,mist
341,Lake Havasu City,US,34.4839,-114.3224,97.41,15,0,8.05,clear sky
342,Sarankhola,BD,22.3082,89.7897,81.97,87,33,5.06,scattered clouds
343,Bardiyah,LY,31.7561,25.0865,70.57,61,0,9.4,clear sky
344,Motygino,RU,58.1831,94.7592,32.92,98,100,7.54,light snow
345,Drovyanaya,RU,51.5833,113.0333,32.09,50,9,4.29,clear sky
346,Ponta Delgada,PT,37.7333,-25.6667,70.5,88,20,6.91,few clouds
347,Sembakung,ID,3.8167,117.25,86.49,63,21,3.11,few clouds
348,Zilair,RU,52.2332,57.4392,46.24,30,100,7.47,overcast clouds
349,Lensk,RU,60.7253,114.9278,34.02,69,78,12.28,broken clouds
350,Kargasok,RU,59.0556,80.8572,34.81,84,62,5.1,broken clouds
351,Sinnamary,GF,5.3833,-52.95,78.57,87,3,9.62,clear sky
352,Barcelona,ES,41.3888,2.159,71.55,83,40,8.05,scattered clouds
353,Kiunga,PG,-6.1219,141.2906,88.54,65,99,1.19,overcast clouds
354,Rocha,UY,-34.4833,-54.3333,54.36,95,100,7.52,overcast clouds
355,Petropavlovsk-Kamchatskiy,RU,53.0452,158.6483,46.99,49,75,17.9,broken clouds
356,Paamiut,GL,61.994,-49.6678,36.48,80,42,8.75,scattered clouds
357,Lovozero,RU,68.005,35.0117,44.56,91,100,11.92,overcast clouds
358,Krasnoselkup,RU,65.7,82.4667,32.79,92,100,4.43,overcast clouds
359,Wajid,SO,3.8093,43.2471,73.02,81,82,17.94,broken clouds
360,Manzhouli,CN,49.6,117.4333,36.55,41,9,7.0,clear sky
361,Shuiji,CN,27.4214,118.345,74.93,81,100,1.83,overcast clouds
362,El Tigre,VE,8.8875,-64.2454,74.28,93,100,10.18,overcast clouds
363,Luba,GQ,3.4568,8.5547,75.09,86,100,5.14,light rain
364,Dumai,ID,1.6833,101.45,80.13,85,89,3.29,moderate rain
365,Cedar City,US,37.6775,-113.0619,65.37,32,0,5.75,clear sky
366,Padang,ID,-0.9492,100.3543,78.85,82,97,6.29,overcast clouds
367,Guerrero Negro,MX,27.9769,-114.0611,70.56,77,0,11.86,clear sky
368,Bom Jesus,BR,-9.0744,-44.3586,80.08,29,5,3.98,clear sky
369,Santarem,BR,-2.4431,-54.7083,86.27,44,73,6.26,broken clouds
370,Amahai,ID,-3.3333,128.9167,84.7,68,100,3.78,overcast clouds
371,San Miguel,SV,13.4833,-88.1833,74.59,95,100,2.24,overcast clouds
372,Kamogata,JP,34.5333,133.5833,69.39,67,100,8.43,overcast clouds
373,Smidovich,RU,48.6,133.8167,42.89,38,1,17.22,clear sky
374,Hami,CN,42.8,93.45,56.62,29,0,6.62,clear sky
375,Kununurra,AU,-15.7667,128.7333,91.38,49,49,8.05,scattered clouds
376,Afantou,GR,36.2935,28.1623,71.31,56,0,4.61,clear sky
377,Deputatskiy,RU,69.3,139.9,12.92,90,100,6.98,overcast clouds
378,Okhotsk,RU,59.3833,143.3,34.32,42,100,12.86,overcast clouds
379,Alaverdi,AM,41.0977,44.6732,57.87,83,38,2.93,scattered clouds
380,Huarmey,PE,-10.0681,-78.1522,61.41,82,68,9.95,broken clouds
381,Bonaventure,CA,48.0457,-65.4926,52.34,82,0,5.75,clear sky
382,Laguna,US,38.421,-121.4238,90.43,39,0,6.91,clear sky
383,San Cristobal,VE,7.7669,-72.225,71.78,97,100,1.99,overcast clouds
384,Dali,CN,25.7,100.1833,63.9,85,83,5.61,broken clouds
385,Beaupre,CA,47.0443,-70.8953,57.7,67,4,3.44,clear sky
386,Abnub,EG,27.2696,31.1511,73.62,65,0,12.06,clear sky
387,Morgan Hill,US,37.1305,-121.6544,82.11,30,0,10.36,clear sky
388,Awbari,LY,26.5921,12.7805,68.83,45,2,8.03,clear sky
389,Ikungi,TZ,-5.1333,34.7667,59.13,75,100,10.94,overcast clouds
390,Macklin,CA,52.3334,-109.9348,46.74,59,100,8.08,overcast clouds
391,Harper,LR,4.375,-7.7169,75.63,91,100,5.23,light rain
392,Afyonkarahisar,TR,38.75,30.6667,47.53,80,42,3.62,scattered clouds
393,Hokitika,NZ,-42.7167,170.9667,47.35,36,1,9.37,clear sky
394,Mackay,AU,-21.15,149.2,76.68,72,33,14.38,scattered clouds
395,Neepawa,CA,50.2289,-99.4664,39.6,62,99,20.2,overcast clouds
396,Puerto Lleras,CO,3.0223,-73.4044,74.28,92,66,2.82,moderate rain
397,Bay Roberts,CA,47.5999,-53.2648,51.55,91,100,1.01,overcast clouds
398,Magadan,RU,59.5667,150.8,31.53,49,59,4.92,broken clouds
399,Yarada,IN,17.65,83.2667,77.32,100,75,5.75,broken clouds
400,Kjopsvik,NO,68.097,16.3742,44.47,90,100,8.68,light rain
401,Honiara,SB,-9.4333,159.95,88.18,53,99,7.49,overcast clouds
402,Aksarka,RU,66.5606,67.7975,36.61,86,100,11.54,light rain
403,San Patricio,US,28.017,-97.5169,80.46,58,15,9.08,few clouds
404,Buala,SB,-8.145,159.5921,85.8,58,89,7.05,overcast clouds
405,Trunovskoye,RU,45.4878,42.1358,54.9,80,91,5.37,overcast clouds
406,Batticaloa,LK,7.7102,81.6924,80.08,72,100,4.18,light rain
407,Hagere Hiywet,ET,8.9833,37.85,52.63,88,26,3.4,scattered clouds
408,Santiago Del Estero,AR,-27.7951,-64.2615,64.06,76,94,14.0,overcast clouds
409,Fort Morgan,US,40.2503,-103.8,58.42,51,0,9.22,clear sky
410,Cuitareo,MX,19.6167,-100.6,55.62,96,92,0.83,overcast clouds
411,Pangody,RU,65.85,74.4859,31.15,89,60,7.56,broken clouds
412,Tefe,BR,-3.3542,-64.7114,79.16,70,48,1.19,scattered clouds
413,Kongsvinger,NO,60.1905,11.9977,51.06,93,49,8.75,scattered clouds
414,Shaoguan,CN,24.8,113.5833,79.48,61,81,4.9,broken clouds
415,Ahipara,NZ,-35.1667,173.1667,55.56,55,89,18.3,overcast clouds
416,Mattru,SL,7.6244,-11.8332,73.22,96,100,1.83,overcast clouds
417,Waipawa,NZ,-41.4122,175.5153,40.21,74,42,22.28,scattered clouds
418,Santa Clarita,US,34.3917,-118.5426,89.55,52,0,3.0,clear sky
419,Itarema,BR,-2.9248,-39.9167,78.28,83,11,15.3,few clouds
420,Kolodenka,UA,50.5856,26.316,49.95,77,99,10.45,overcast clouds
421,Upington,ZA,-28.4478,21.2561,62.98,19,0,9.22,clear sky
422,Bryukhovychi,UA,49.9047,23.9597,47.7,77,98,7.85,overcast clouds
423,Vallenar,CL,-28.5708,-70.7581,57.07,61,0,1.7,clear sky
424,Ewa Beach,US,21.3156,-158.0072,84.15,67,75,10.36,broken clouds
425,Belyy Yar,RU,53.6039,91.3903,39.09,75,0,6.71,clear sky
426,San Fernando,PH,15.0286,120.6898,85.73,65,75,8.19,broken clouds
427,Kampong Thum,KH,12.7111,104.8887,75.18,90,100,2.37,overcast clouds
428,Ganzhou,CN,28.8184,115.4327,60.22,78,100,5.23,overcast clouds
429,Coihaique,CL,-45.5752,-72.0662,44.55,76,100,4.61,light rain
430,Dingle,PH,10.9995,122.6711,85.75,73,63,10.2,broken clouds
431,Alta Floresta,BR,-9.8756,-56.0861,73.96,72,66,3.04,broken clouds
432,Sibut,CF,5.718,19.0739,69.94,95,100,3.67,light rain
433,Yar-Sale,RU,66.8333,70.8333,32.65,90,69,11.83,broken clouds
434,Merauke,ID,-8.4667,140.3333,84.74,73,92,11.77,overcast clouds
435,Sterling,US,39.0062,-77.4286,62.17,86,77,5.55,broken clouds
436,Dunedin,NZ,-45.8742,170.5036,41.05,85,100,23.29,overcast clouds
437,Poum,NC,-20.2333,164.0167,75.07,59,96,9.28,overcast clouds
438,Mantua,IT,45.1667,10.7833,60.04,90,77,2.73,broken clouds
439,Bolshaya Dzhalga,RU,45.9695,42.6966,52.11,66,30,5.55,scattered clouds
440,Usinsk,RU,65.9939,57.5281,41.18,92,100,8.93,overcast clouds
441,Manta,EC,-0.95,-80.7333,71.38,78,75,11.5,broken clouds
442,Tavricheskoye,RU,54.5851,73.6395,42.71,47,100,6.87,overcast clouds
443,Khuldabad,IN,20.05,75.1833,67.55,89,100,2.93,overcast clouds
444,Naze,JP,28.3667,129.4833,77.92,69,77,8.66,broken clouds
445,Moerai,PF,-22.4333,-151.3333,72.36,69,34,16.91,scattered clouds
446,Nemuro,JP,43.3236,145.575,52.3,61,100,19.44,overcast clouds
447,Jackson,US,42.4165,-122.8345,87.67,23,0,6.91,clear sky
448,Enshi,CN,30.3,109.4833,53.6,97,100,3.02,overcast clouds
449,Sao Paulo De Olivenca,BR,-3.3783,-68.8725,78.64,72,52,0.85,broken clouds
450,Sola,VU,-13.8833,167.55,84.87,74,20,4.61,few clouds
451,Graham,US,47.0529,-122.2943,61.02,89,100,0.0,mist
452,Bronnoysund,NO,65.4625,12.1997,50.0,81,20,17.27,few clouds
453,Ketchikan,US,55.3422,-131.6461,59.47,94,100,5.75,overcast clouds
454,Jardim,BR,-21.4803,-56.1381,74.73,77,47,6.29,scattered clouds
455,Kenai,US,60.5544,-151.2583,55.49,64,75,17.27,light rain
456,Kyzyl-Suu,KG,42.3414,78.0056,46.35,51,32,3.85,scattered clouds
457,Ahar,IR,38.4774,47.0699,56.75,66,0,2.15,clear sky
458,College,US,64.8569,-147.8028,45.07,70,20,3.44,few clouds
459,Campo Largo,BR,-25.4586,-49.5283,58.62,91,100,5.97,overcast clouds
460,Husavik,IS,66.0449,-17.3389,36.14,98,100,25.12,overcast clouds
461,Zhangjiakou,CN,40.81,114.8794,47.64,18,19,2.01,few clouds
462,Shangzhi,CN,45.2167,127.9667,46.02,37,0,9.98,clear sky
463,Myitkyina,MM,25.3833,97.4,76.05,92,66,1.3,broken clouds
464,Talaya,RU,61.3833,152.75,18.18,82,100,19.24,overcast clouds
465,Lorengau,PG,-2.0226,147.2712,85.5,71,73,12.5,broken clouds
466,Lac Du Bonnet,CA,50.2536,-96.0612,39.61,70,99,15.32,overcast clouds
467,Namibe,AO,-15.1961,12.1522,62.01,90,50,7.61,scattered clouds
468,High Level,CA,58.5169,-117.136,48.31,53,20,6.91,smoke
469,Capitao Poco,BR,-1.7464,-47.0594,73.67,87,4,4.41,clear sky
470,Sault Sainte Marie,CA,46.5168,-84.3333,59.29,77,0,3.44,clear sky
471,Mendoza,AR,-32.8908,-68.8272,56.73,58,0,3.44,clear sky
472,Scarborough,GB,54.2797,-0.4044,51.66,83,0,10.0,clear sky
473,Sao Filipe,CV,14.8961,-24.4956,78.48,84,88,11.12,overcast clouds
474,Arroyo,ES,41.6096,-4.7969,58.59,75,40,17.27,scattered clouds
475,Luderitz,NA,-26.6481,15.1594,53.58,77,6,14.12,clear sky
476,Naryan-Mar,RU,67.6713,53.087,43.45,95,100,9.24,overcast clouds
477,Wawa,NG,9.9022,4.4192,73.53,88,100,1.21,overcast clouds
478,Cowansville,CA,45.2001,-72.7491,57.0,78,1,4.61,clear sky
479,Zhigansk,RU,66.7697,123.3711,24.71,80,100,25.88,overcast clouds
480,Oranjestad,AW,12.524,-70.027,82.9,86,40,8.05,scattered clouds
481,North Bend,US,43.4065,-124.2243,59.16,100,100,13.8,fog
482,Karasburg,NA,-28.0167,18.75,53.62,42,2,8.81,clear sky
483,Maniitsoq,GL,65.4167,-52.9,32.52,67,89,11.95,overcast clouds
484,Wuda,CN,39.4994,106.7117,53.92,33,95,9.91,overcast clouds
485,Lerwick,GB,60.1545,-1.1494,51.8,77,47,28.3,scattered clouds
486,Egvekinot,RU,66.3167,-179.1667,35.46,100,100,8.59,moderate rain
487,Roebourne,AU,-20.7833,117.1333,85.59,25,1,13.13,clear sky
488,Ust-Maya,RU,60.4167,134.5333,28.47,62,100,7.67,overcast clouds
489,Gazojak,TM,41.1875,61.4036,50.74,26,0,10.42,clear sky
490,Urengoy,RU,65.9667,78.3667,34.16,73,100,2.01,overcast clouds
491,Tyrma,RU,50.0833,132.1667,38.55,36,3,12.73,clear sky
492,Petatlan,MX,17.5167,-101.2667,77.32,91,100,2.3,overcast clouds
493,Abu Kamal,SY,34.4506,40.9171,79.0,37,0,9.26,clear sky
494,Marsabit,KE,2.3284,37.9899,62.51,82,42,21.0,scattered clouds
495,Maldonado,UY,-34.6667,-54.9167,58.39,88,100,10.67,overcast clouds
496,Ilheus,BR,-14.7889,-39.0494,78.62,89,0,6.91,clear sky
497,Haines Junction,CA,60.7522,-137.5108,53.55,58,80,3.44,broken clouds
498,Motril,ES,36.7507,-3.5179,69.26,91,15,2.82,few clouds
499,Berezovyy,RU,51.6667,135.7,41.65,29,4,8.99,clear sky
500,Miajadas,ES,39.1513,-5.9084,69.46,34,0,3.11,clear sky
501,Grandola,PT,38.1772,-8.5668,62.35,60,0,5.21,clear sky
502,Novi Sanzhary,UA,49.3439,34.3108,47.7,90,100,6.2,overcast clouds
503,Kieta,PG,-6.2167,155.6333,85.6,62,72,10.07,broken clouds
504,Udachnyy,RU,66.4167,112.4,19.6,93,94,11.03,overcast clouds
505,Puerto Colombia,CO,10.9878,-74.9547,77.09,80,100,6.69,overcast clouds
506,Pochutla,MX,15.7432,-96.4661,74.66,86,23,3.91,few clouds
507,Haimen,CN,23.1935,116.6142,84.09,68,8,14.81,clear sky
508,Svetlogorsk,BY,52.6333,29.7333,45.97,94,99,6.87,overcast clouds
509,Ranot,TH,7.7777,100.3213,82.04,76,100,1.9,overcast clouds
510,Ngunguru,NZ,-35.6167,174.5,57.15,49,49,19.8,scattered clouds
511,Kirakira,SB,-10.4544,161.9205,83.84,71,100,6.55,overcast clouds
512,Siavonga,ZM,-16.5382,28.7088,72.86,36,0,7.16,clear sky
513,Yate,GB,51.5407,-2.4184,51.98,84,0,8.97,clear sky
514,Camacha,PT,33.0833,-16.3333,67.42,73,40,12.66,scattered clouds
515,Progreso,MX,21.2833,-89.6667,76.89,74,3,11.32,clear sky
516,Vidim,RU,56.4088,103.1106,32.99,96,100,6.38,light snow
517,Mitchell,US,43.7094,-98.0298,64.38,62,0,3.44,clear sky
518,Aljezur,PT,37.3191,-8.8033,66.94,57,0,6.98,clear sky
519,Qinzhou,CN,21.95,108.6167,83.43,73,6,9.01,clear sky
520,Dakar,SN,14.6937,-17.4441,81.48,78,62,18.03,broken clouds
521,Touros,BR,-5.1989,-35.4608,76.91,85,7,11.74,clear sky
522,Sorkjosen,NO,69.8,20.9333,44.6,70,75,14.97,broken clouds
523,San Rafael,AR,-34.6177,-68.3301,55.74,53,14,8.46,few clouds
524,Gedo,ET,9.0167,37.45,47.23,88,35,3.49,scattered clouds
525,Cabo San Lucas,MX,22.8909,-109.9124,85.3,76,69,6.2,broken clouds
526,Tarauaca,BR,-8.1614,-70.7656,77.52,75,59,2.71,broken clouds
527,Sainte-Maxime,FR,43.3,6.6333,61.18,94,0,4.72,clear sky
528,Obera,AR,-27.4871,-55.1199,64.92,98,100,2.21,moderate rain
529,Tornio,FI,65.8481,24.1466,50.02,97,100,23.87,light rain
530,Cukai,MY,4.25,103.4167,80.55,82,100,4.74,overcast clouds
531,Mukhen,RU,48.1,136.1,42.76,42,8,13.04,clear sky
532,Saint-Joseph,RE,-21.3667,55.6167,62.98,76,16,11.12,few clouds
533,Berestechko,UA,50.3605,25.1107,48.0,78,98,8.84,overcast clouds
534,Saurimo,AO,-9.6608,20.3916,63.19,85,93,3.83,overcast clouds
535,Meulaboh,ID,4.1363,96.1285,77.54,86,100,3.02,overcast clouds
536,Hue,VN,16.4667,107.6,77.11,94,75,3.44,broken clouds
537,Camargo,MX,27.6667,-105.1667,72.36,38,53,5.39,broken clouds
538,Pervomayskoye,RU,43.919,46.7102,59.47,66,100,7.4,overcast clouds
539,Tinaquillo,VE,9.9186,-68.3047,70.83,96,96,3.87,overcast clouds
540,Svetlaya,RU,46.5389,138.3297,47.7,30,17,12.06,few clouds
541,Fort Collins,US,40.5853,-105.0844,61.39,53,1,1.01,clear sky
542,Whitehorse,CA,60.7161,-135.0538,55.02,54,75,16.11,broken clouds
543,Polson,US,47.6936,-114.1632,63.21,67,100,3.27,overcast clouds
544,Kazachinskoye,RU,57.6953,93.2761,34.12,97,100,8.95,light snow
545,Gamba,GA,-2.65,10.0,75.29,90,98,9.17,light rain
546,Baraboo,US,43.4711,-89.7443,61.97,82,40,0.0,scattered clouds
547,Asau,RO,46.4333,26.4,42.28,78,100,6.02,overcast clouds
548,Agadez,NE,19.75,10.25,79.75,26,4,12.41,clear sky
549,Kormilovka,RU,55.0026,74.1028,43.43,54,100,7.43,overcast clouds
550,Charleston,US,32.7766,-79.9309,63.01,80,0,0.0,clear sky
551,Zaliztsi,UA,49.7919,25.373,46.62,75,96,7.92,overcast clouds
552,Beyneu,KZ,45.3167,55.2,53.56,36,99,13.42,overcast clouds
553,Takoradi,GH,4.8845,-1.7554,74.93,93,55,8.01,broken clouds
554,Kahului,US,20.8947,-156.47,86.02,73,0,18.41,clear sky
555,Ternate,ID,0.8,127.4,85.59,64,94,1.88,overcast clouds
556,Luang Prabang,LA,19.8856,102.1347,76.96,83,75,0.0,mist
557,Mokhsogollokh,RU,61.4681,128.9203,31.42,71,100,7.18,overcast clouds
558,Katsuura,JP,35.1333,140.3,60.22,91,100,22.97,light rain
559,Luganville,VU,-15.5333,167.1667,80.78,80,59,11.95,broken clouds
560,Koumac,NC,-20.5667,164.2833,76.39,57,98,10.58,overcast clouds
561,Alofi,NU,-19.0595,-169.9187,82.29,69,75,13.8,broken clouds
562,Ardakan,IR,32.31,54.0175,69.78,19,0,2.66,clear sky
563,Isabela,PH,6.7085,121.9711,82.45,69,94,3.67,overcast clouds
564,Senno,RU,59.5336,33.9167,43.27,98,41,5.03,scattered clouds
565,Krasnoborsk,RU,61.5598,45.934,45.97,98,100,2.1,overcast clouds
566,Virginia Beach,US,36.8529,-75.978,62.64,91,100,6.91,overcast clouds
567,Shihezi,CN,44.3,86.0333,56.1,37,0,1.19,clear sky
568,Bongandanga,CD,1.5,21.05,68.7,95,100,1.36,overcast clouds
569,Tokur,RU,53.1333,132.9,27.59,52,98,10.51,overcast clouds
570,Pitimbu,BR,-7.4706,-34.8086,75.79,87,13,8.72,few clouds
571,Ulkan,RU,57.243,107.3223,34.07,59,87,3.83,overcast clouds
572,Alice Springs,AU,-23.7,133.8833,89.15,40,0,16.11,clear sky
573,Makakilo City,US,21.3469,-158.0858,82.72,66,75,10.36,broken clouds
574,Saquena,PE,-4.6667,-73.5167,82.56,61,94,3.56,overcast clouds
575,Port Hedland,AU,-20.3167,118.5667,84.25,39,5,9.22,clear sky
576,Winslow,US,35.0242,-110.6974,73.58,31,100,4.61,overcast clouds
577,Briancon,FR,44.9,6.65,53.35,87,0,2.84,clear sky
578,San Felipe,VE,10.3399,-68.7425,73.18,97,81,1.57,broken clouds
579,Sakhon Nakhon,TH,17.1612,104.1472,80.55,83,75,3.44,broken clouds
580,Torres,BR,-29.3353,-49.7269,64.83,90,100,7.38,overcast clouds
581,Payyannur,IN,12.1,75.2,77.56,84,100,2.91,overcast clouds
582,Bubaque,GW,11.2833,-15.8333,81.81,80,61,9.04,broken clouds
583,Brovst,DK,57.0956,9.528,53.53,94,20,19.57,few clouds
584,Praia,CV,14.9215,-23.5087,77.54,88,20,5.75,few clouds
585,Chastyye,RU,57.2888,54.9728,44.64,94,100,9.06,light rain
586,Porto Novo,BJ,6.4965,2.6036,75.81,91,55,5.5,broken clouds
587,Sesheke,ZM,-17.4759,24.2968,68.99,28,0,5.57,clear sky
588,Cabatuan,PH,10.8794,122.486,85.64,72,51,10.76,broken clouds
589,Gamboma,CG,-1.8764,15.8644,74.19,83,99,2.89,overcast clouds
590,Panaba,MX,21.2833,-88.2667,70.34,84,0,6.93,clear sky
591,Buraydah,SA,26.326,43.975,70.25,17,0,5.66,clear sky
592,Williams Lake,CA,52.1415,-122.1445,67.57,45,20,9.22,few clouds
593,Gizo,SB,-8.103,156.8419,85.71,59,91,10.2,overcast clouds
594,Sao Miguel Do Araguaia,BR,-13.275,-50.1628,84.74,38,33,2.57,scattered clouds
595,Cervo,ES,43.6702,-7.4101,62.08,87,100,16.11,overcast clouds
596,Chicama,PE,-7.8447,-79.1469,57.74,82,36,7.52,scattered clouds
597,Kaabong,UG,3.4836,34.1492,66.13,63,92,12.91,overcast clouds
598,Stornoway,GB,58.2093,-6.3865,50.94,88,75,16.11,broken clouds
599,Porciuncula,BR,-20.9628,-42.0408,70.38,92,100,3.31,overcast clouds
600,Azuaga,ES,38.2667,-5.6833,67.96,39,0,2.51,clear sky
601,Menongue,AO,-14.6585,17.691,62.29,30,85,5.17,overcast clouds
602,Bowen,AU,-20.0167,148.2333,78.53,66,6,17.29,clear sky
603,Bairnsdale,AU,-37.8333,147.6167,64.06,77,82,5.99,broken clouds
604,Thai Nguyen,VN,21.5928,105.8442,82.18,71,17,2.04,few clouds
605,Gat,IL,31.61,34.7642,73.4,100,2,4.12,clear sky
606,Tazovskiy,RU,67.4667,78.7,32.04,88,95,3.27,overcast clouds
607,Sabang,ID,5.8933,95.3214,79.92,77,92,9.75,overcast clouds
608,Te Anau,NZ,-45.4167,167.7167,41.86,82,100,2.91,overcast clouds
609,Eenhana,NA,-17.4667,16.3333,69.46,18,52,4.59,broken clouds
610,Ninghai,CN,29.2892,121.4247,65.77,87,100,3.29,overcast clouds
611,Bac Giang,VN,21.2667,106.2,82.47,70,10,4.27,clear sky
612,Vestmannaeyjar,IS,63.4427,-20.2734,45.23,70,96,12.66,overcast clouds
613,Inhambane,MZ,-23.865,35.3833,70.18,91,0,7.14,clear sky
614,Kochkurovo,RU,54.0358,45.4184,45.99,100,100,9.8,overcast clouds
615,Fukuma,JP,33.7667,130.4667,73.29,73,100,4.36,overcast clouds
616,Sao Felix Do Xingu,BR,-6.6447,-51.995,79.54,46,87,1.52,overcast clouds
617,Killybegs,IE,54.6333,-8.45,55.47,86,86,27.47,overcast clouds
618,Victor Harbor,AU,-35.5667,138.6167,70.0,65,0,3.0,clear sky
619,Ormara,PK,25.2088,64.6357,78.28,85,8,6.82,clear sky
620,Coari,BR,-4.085,-63.1414,80.58,63,89,2.51,overcast clouds
621,Kamenka,RU,51.3223,42.7678,44.78,89,80,10.29,broken clouds
622,Yuncheng,CN,35.0231,110.9928,50.27,69,100,4.92,overcast clouds
623,Klyavlino,RU,54.2649,52.0267,46.53,92,100,8.68,moderate rain
624,San Borja,BO,-14.8167,-66.85,78.96,67,62,3.15,broken clouds
625,Metro,ID,-5.1131,105.3067,80.29,76,100,3.6,overcast clouds
626,Japura,ID,-0.3167,102.35,82.15,74,97,0.65,overcast clouds
627,Umm Kaddadah,SD,13.6017,26.6876,85.28,44,97,6.02,overcast clouds
628,Belmonte,BR,-15.8631,-38.8828,74.25,86,19,9.24,few clouds
629,Matara,LK,5.9485,80.5353,78.98,83,100,13.76,overcast clouds
630,Revelstoke,CA,50.9832,-118.2023,60.82,77,0,0.0,clear sky
631,Yanam,IN,16.7333,82.2167,78.31,93,100,6.82,overcast clouds
632,Machali,CL,-34.1833,-70.6667,50.74,82,87,0.83,overcast clouds
633,Kawardha,IN,22.0167,81.25,74.26,95,90,6.91,overcast clouds
634,Caxito,AO,-8.5785,13.6643,74.08,82,98,4.99,overcast clouds
635,Grajau,BR,-5.8194,-46.1386,85.68,39,100,3.27,overcast clouds
636,Iracoubo,GF,5.4802,-53.2011,79.23,84,2,9.95,clear sky
637,High Rock,BS,26.6208,-78.2833,78.82,65,2,11.5,clear sky
638,Milkovo,RU,54.7167,158.6167,43.97,46,33,20.15,scattered clouds
639,Warri,NG,5.5167,5.75,75.43,92,100,3.65,overcast clouds
640,San Zenon,CO,9.2422,-74.5004,75.76,93,100,0.47,overcast clouds
641,Kuandian,CN,40.7286,124.7847,50.65,35,100,6.38,overcast clouds
642,Xining,CN,36.6167,101.7667,43.57,84,100,2.64,overcast clouds
643,Seminole,US,28.7086,-81.2081,73.38,75,0,4.61,clear sky
644,Magadi,IN,12.9667,77.2333,69.96,88,100,4.32,overcast clouds
645,Tashla,RU,51.7716,52.7427,54.97,31,100,6.46,overcast clouds
646,Ous,RU,60.9058,61.5186,42.01,67,100,4.47,overcast clouds
647,Formosa,AR,-26.1775,-58.1781,69.78,94,100,17.27,overcast clouds
648,Wanning,CN,18.8003,110.3967,81.99,83,10,8.52,clear sky
649,Cecina,IT,43.3128,10.524,63.91,87,11,3.56,few clouds
650,Veraval,IN,20.9,70.3667,79.72,77,37,11.5,scattered clouds
651,Shakawe,BW,-18.3667,21.85,75.38,22,0,6.73,clear sky
652,Yei,SS,4.095,30.6779,65.89,92,98,2.37,light rain
653,Terrace,CA,54.5163,-128.6035,60.71,88,75,4.61,broken clouds
654,Road Town,VG,18.4167,-64.6167,84.24,84,40,10.36,scattered clouds
655,Capao Da Canoa,BR,-29.7456,-50.0097,61.97,87,100,15.93,overcast clouds
656,Yalta,UA,44.5,34.1667,55.8,66,97,4.41,overcast clouds
657,Huntsville,US,34.7304,-86.5861,62.4,67,0,1.99,clear sky
658,Adiake,CI,5.2863,-3.304,74.44,94,76,5.82,light rain
659,Kunashak,RU,55.7032,61.5498,45.12,53,100,7.27,overcast clouds
660,Shanghai,CN,31.2222,121.4581,64.92,80,100,8.95,overcast clouds
661,San Andres,CO,12.5847,-81.7006,84.22,79,75,6.91,broken clouds
662,Havre-Saint-Pierre,CA,50.2334,-63.5986,50.36,87,100,3.44,overcast clouds
663,Copiapo,CL,-27.3667,-70.3333,51.49,67,0,0.74,clear sky
664,Dudinka,RU,69.4058,86.1778,31.62,94,100,2.15,overcast clouds
665,The Valley,AI,18.217,-63.0578,83.1,77,7,20.4,clear sky
666,Itaituba,BR,-4.2761,-55.9836,81.61,52,51,2.59,broken clouds
667,Wagga Wagga,AU,-35.1167,147.3667,60.85,87,97,13.62,overcast clouds
668,Sao Jose Dos Pinhais,BR,-25.5347,-49.2064,59.34,90,100,9.22,light rain
669,Nazas,MX,25.2333,-104.1333,71.02,48,100,7.67,overcast clouds
